en,pt-br
the,a/o/as/os
be,ser/estar
and,e
of,do/de
a,uma
in,dentro
to,para
have,tenho
it,isto
I,Eu
that,este
for,por/para
you,você(s)
he,ele
with,com
on,sobre
do,faz
say,dizer
they,elas
this,isto
but,mas
at,no
we,nós
his,seu
from,a partir de
not,não
by,por
or,ou
she,ela
as,como/tão
what,o que
go,vai
their,seus/suas
will,vai
who,quem
can,posso
get,pegue
if,E se
all,tudo
would,gostaria
her,sua
make,faço
about,cerca de
my,minha
know,conhecer
there,lá
one,um
up,acima
time,tempo
year,ano
so,assim
think,acho
see,Vejo
which,que
when,quando
some,algum
them,eles
people,pessoas
take,leva
me,Eu
out,Fora
into,em
just,apenas
him,dele
come,venha
your,sua
now,agora
could,poderia
than,do que
like,Curti
other,outro
then,então
how,Como as
its,Está
two,dois
our,nosso
more,mais
these,esses
want,querer
way,caminho
no,não
look,olhar
first,primeiro
also,também
new,novo
because,Porque
day,dia
use,usar
man,cara
here,aqui
find,achar
give,dar
thing,coisa
well,Nós vamos
many,muitos
only,só
those,Essa
tell,dizer
very,muito
even,até
back,de volta
any,algum
good,Boa
us,nós
through,Através dos
woman,mulher
life,vida
child,filho
down,baixa
work,trabalhar
after,depois
call,ligar
may,poderia
world,mundo
over,sobre
should,deve
still,ainda
try,tentar
school,escola
last,último
ask,perguntar
too,também
need,precisar
three,três
feel,sentir
become,vir a ser
state,Estado
never,Nunca
between,entre
high,Alto
something,algo
really,verdade
most,a maioria
another,outro
much,Muito de
own,ter
family,família
house,lar
leave,sair
put,colocar
old,velho
while,enquanto
mean,significa
let,deixar
why,Por quê
president,Presidente
keep,guarda
same,mesmo
great,excelente
begin,começar
big,grande
seem,parecer
group,grupo
country,país
talk,conversa
problem,problema
where,Onde
turn,virar
student,aluna
every,todo
hand,mão
help,ajuda
against,contra
start,começar
American,americano
part,papel
show,mostrar
might,poderia
such,tal
place,"Lugar, colocar"
again,novamente
city,cidade
case,caso
few,alguns
system,sistema
week,semana
company,companhia
each,cada
percent,por cento
hear,ouvir
during,durante
question,pergunta
right,certo
program,programa
run,corre
number,número
small,pequena
government,governo
play,Toque
off,desligado
move,jogada
always,sempre
night,noite
believe,acreditam
today,hoje
hold,aguarde
point,ponto
live,viver
happen,acontecer
bring,trazer
next,próximo
without,sem
before,antes da
large,ampla
must,devo
war,guerra
home,casa
under,debaixo
room,quarto
fact,facto
area,área
national,nacional
write,Escreva
money,dinheiro
story,história
water,agua
mother,mãe
different,diferente
young,jovem
month,mês
lot,muito
book,livro
eye,olho
study,estudar
job,trabalho
kind,Gentil
word,palavra
issue,questão
side,lado
four,quatro
business,o negócio
though,no entanto
head,cabeça
far,distante
long,grandes
black,Preto
million,milhão
both,Ambas
little,pequena
yes,sim
since,desde
around,por aí
provide,providenciar
service,serviço
important,importante
sit,sentar
away,um jeito
friend,amigo
however,Contudo
power,potência
yet,ainda
father,pai
hour,hora
often,muitas vezes
until,até
political,político
line,linha
end,fim
stand,ficar
among,dentre
game,jogos
ever,sempre
lose,perder
bad,mau
member,membro
meet,encontrar
pay,pagar
law,lei
almost,quase
car,carro
later,mais tarde
name,nome
include,incluir
five,cinco
center,Centro
once,uma vez
university,universidade
continue,Prosseguir
least,ao menos
real,real
white,branco
change,mudança
set,definir
several,de várias
ago,atrás
information,em formação
nothing,nada
community,comunidade
best,melhor
idea,idéia
lead,conduzir
body,corpo
learn,aprender
kid,miúdo
minute,minuto
table,tabela
whether,se
understand,Compreendo
team,equipe
watch,ver
together,juntos
follow,Segue
stop,Pare
face,enfrentar
anything,nada
public,público
social,social
already,já
parent,pai
speak,falar
create,crio
office,escritório
allow,permitir
level,nível
read,ler
spend,gasta
person,pessoa
door,porta
sure,claro
add,adicionar
street,rua
history,história
party,Festa
grow,crescer
reason,razão
morning,manhã
open,abrir
within,dentro de
although,Apesar
walk,andar
news,notícia
health,saúde
court,quadra
force,força
early,cedo
himself,ele mesmo
air,ar
low,baixo
art,arte
result,resultado
moment,momento
offer,oferta
remember,lembrar
research,pesquisar
enough,o suficiente
girl,menina
boy,Garoto
win,ganhar
food,Comida
across,através
guy,cara
second,segundo
able,capaz
toward,na direção
maybe,pode ser
process,processo
everything,tudo
appear,aparecer
age,era
policy,política
consider,considerar
including,Incluindo
probably,provavelmente
education,Educação
love,amor
actually,na realidade
buy,Comprar
wait,esperar
die,morrer
human,humano
send,mandar
fee,taxa
expect,Espero
serve,servir
sense,senso
teacher,professora
market,mercado
stay,fique
build,construir
nation,nação
fall,cair
oh,oh
death,morte
plan,plano
interest,interesse
someone,alguém
experience,experiência
cut,cortar
kill,matar
behind,atras do
reach,alcançar
six,seis
local,local
remain,permanecer
effect,efeito
suggest,sugerir
control,ao controle
perhaps,talvez
raise,levantar
class,classe
late,tarde
major,formar-se
yeah,sim
else,senão
pass,passar
photo,foto
sell,vender
themselves,eles mesmos
field,campo
college,faculdade
sometimes,as vezes
former,antigo
development,desenvolvimento
require,exigir
along,ao longo
decide,decidir
security,segurança
possible,possível
effort,esforço
role,Função
better,Melhor
rate,avaliar
strong,Forte
music,música
report,relatório
leader,líder
light,leve
whole,todo
voice,voz
color,cor
heart,coração
care,Cuidado
police,polícia
economic,econômico
wife,esposa
mind,mente
finally,finalmente
drug,medicamento
less,menos
return,Retorna
according,de acordo com
pull,puxar
decision,decisão
explain,explique
carry,carregar
develop,desenvolve
view,Visão
free,gratuitamente
hope,ter esperança
drive,dirigir
son,filho
arm,braço
department,departamento
TRUE,VERDADE
price,preço
military,militares
federal,Federal
break,parar
action,ação
value,valor
thank,obrigado
relationship,relação
town,Cidade
building,prédio
receive,receber
society,sociedade
difference,diferença
church,igreja
full,cheio
join,Junte
road,estrada
international,internacional
model,modelo
position,posição
tax,imposto
director,diretor
agree,aceita
matter,matéria
especially,especialmente
form,Formato
record,registro
special,especial
ground,chão
whose,de quem
hard,duro
pick,escolha
paper,papel
official,oficial
season,estação
wear,vestem
event,evento
support,"Apoio, suporte"
space,espaço
player,jogador
everyone,todos
couple,casal
base,base
project,projeto
produce,produzir
site,local
situation,situação
hit,acertar
industry,indústria
half,metade
activity,atividade
eat,comer
itself,em si
figure,figura
cost,custo
easy,fácil
quite,bastante
picture,foto
clear,Claro
cover,cobrir
describe,descrever
image,imagem
teach,Ensinar
wall,muro
doctor,médico
recent,recente
product,produtos
data,dados
practice,prática
phone,telefone
piece,peça
certain,certo
either,qualquer
oil,óleo
simply,simplesmente
test,teste
personal,pessoal
star,Estrela
land,terra
third,terceiro
general,em geral
computer,computador
movie,filme
worker,trabalhador
catch,truque
type,modelo
north,norte
step,degrau
attention,atenção
technology,tecnologia
organization,organização
baby,bebê
source,fonte
draw,empate
cause,causa
tree,árvore
film,filme
choose,escolher
evidence,evidência
Republican,Republicano
difficult,difícil
century,século
nearly,por pouco
red,vermelho
window,janela
park,parque
period,período
culture,cultura
hair,cabelo
listen,ouço
chance,chance
available,acessível
brother,irmão
summer,verão
realize,entender
private,privado
science,Ciência
letter,carta
congress,Congresso
condition,doença
short,curto
likely,provável
opportunity,oportunidade
rule,regra
choice,escolha
single,solteiro
patient,paciente
floor,piso
term,prazo
material,material
mile,milha
administration,administração
course,curso
defense,defesa
plant,plantar
energy,energia
campaign,campanha
population,população
fire,incêndio
close,perto
daughter,filha
involve,envolver
husband,esposo
wrong,errado
certainly,certamente
increase,aumentar
future,futuro
south,sul
medical,médico
board,quadro
anyone,alguém
deal,acordo
hospital,hospital
rest,descanso
seek,procurar
myself,Eu mesmo
county,município
fight,lutar
subject,sujeito
risk,risco
order,ordem
west,Oeste
economy,economia
quickly,rapidamente
throw,lançar
bed,cama
officer,Policial
represent,representar
soon,em breve
top,topo
fill,encher
author,autor
past,passado
upon,sobre
goal,meta
behavior,comportamento
drop,derrubar
nature,natureza
agency,agência
recently,recentemente
store,armazenar
foreign,estrangeiro
current,atual
performance,atuação
bank,banco
sound,som
push,Empurre
focus,foco
reduce,reduzir
note,Nota
fine,multar
near,aproximar
movement,movimento
common,comum
billion,bilhão
blood,sangue
page,página
concern,interesse
poor,pobre
enter,digitar
share,compartilhar
series,Series
usually,usualmente
natural,natural
hot,quente
race,corrida
language,Língua
river,rio
dead,morto
act,Aja
significant,significativo
response,resposta
rise,subir
decade,década
article,artigo
thus,portanto
seven,Sete
shoot,atirar
east,leste
animal,animal
similar,semelhante
save,Salve 
factor,fator
central,central
occur,ocorrer
committee,Comitê
serious,sério
sport,esporte
lie,mentira
beyond,além
exactly,exatamente
despite,apesar de
happy,feliz
eight,oito
protect,proteger
list,Lista
size,Tamanho
quality,qualidade
pressure,pressão
accept,aceitar
ready,pronto
approach,abordagem
sign,sinal
attack,ataque
individual,Individual
career,carreira
answer,responda
dog,cão
media,meios de comunicação
thought,pensamento
whatever,qualquer que seja
determine,determinar
television,televisão
meeting,encontro
scene,cena
success,sucesso
prepare,preparar
identify,identificar
press,pressione
particularly,particularmente
resource,recurso
amount,quantia
argue,argumentar
recognize,reconhecer
treatment,tratamento
left,deixei
degree,grau
stock,estoque
indicate,indicar
growth,crescimento
simple,simples
ability,habilidade
dollar,dólar
union,União
disease,doença
everybody,todo o mundo
wonder,maravilha
election,eleição
loss,perda
box,caixa
herself,ela própria
fund,fundo
miss,senhorita
pretty,bonito
region,região
feeling,sentimento
lay,colocar
training,Treinamento
message,mensagem
arrive,chegar
standard,padrão
outside,fora
fail,falhou
trade,troca
staff,funcionários
benefit,beneficiar
character,personagem
army,exército
association,Associação
operation,Operação
present,presente
crime,crime
cup,copo
island,ilha
analysis,análise
check,Verifica
photograph,fotografia
glass,vidro
forward,frente
authority,autoridade
earth,terra
stage,palco
sort,ordenar
station,estação
clearly,claramente
compare,comparar
indeed,na verdade
knowledge,conhecimento
blue,azul
example,exemplo
strategy,estratégia
mountain,montanha
guess,acho
sister,irmã
gun,arma de fogo
various,vários
laugh,riso
environment,meio Ambiente
design,Projeto
sun,Sol
lawyer,advogado
sex,sexo
rather,em vez de
artist,artista
club,clube
prove,provar
section,seção
skill,habilidade
truth,verdade
ok,OK
manager,Gerente
executive,executivo
district,distrito
claim,alegar
forget,esquecer
hang,pendurar
entire,inteira
leg,perna
environmental,de Meio Ambiente
establish,estabelecer
democratic,democrático
remove,remover
main,a Principal
professor,professor
financial,financeiro
enjoy,desfrutar
network,rede
discuss,discutir
final,final
trial,tentativas
legal,jurídico
cold,resfriado
above,acima de
rock,Rocha
seat,assento
weapon,arma
song,música
expert,especialista
radio,rádio
nice,legais
avoid,evitar
memory,memória
management,gestão
charge,carregar
spring,primavera
card,cartão
maintain,manter
theory,teoria
visit,Visita
imagine,Imagine
finish,Finalizar
statement,declaração
firm,empresa
huge,enorme
respond,responder
popular,popular
physical,fisica
traditional,tradicional
contain,conter
peace,Paz
green,verde
thanks,obrigado
Democrat,Democrata
impact,impacto
structure,estrutura
tonight,esta noite
direction,direção
fly,voe
onto,para
king,rei
reveal,revelar
cell,célula
religious,religioso
ball,bola
particular,especial
employee,empregado
suddenly,De repente
apply,Aplique
shake,sacudir
cultural,cultural
chair,cadeira
PM,PM
justice,justiça
discover,descobrir
measure,a medida
politics,política
manage,gerir
treat,tratar
yourself,você mesma
pain,dor
evening,tarde
unit,unidade
affect,afetar
production,Produção
bit,pedaço
inside,lado de dentro
range,variar
worry,preocupar
perform,executar
necessary,necessário
conference,conferência
candidate,candidato
museum,museu
specific,específico
throughout,por todo
hall,corredor
fish,peixe
trip,viagem
mention,menção
edge,borda
trouble,problema
interview,entrevista
style,estilo
middle,meio
ten,dez
weight,peso
adult,adulto
dream,Sonhe
fear,temer
dark,Sombrio
method,método
somebody,alguém
magazine,revista
reflect,refletir
heavy,pesado
soldier,soldado
property,propriedade
beautiful,lindo
writer,escritor
stuff,material
camera,Câmera
improve,melhorar
shoulder,ombro
bar,bar
hotel,hotel
instead,em vez de
hill,colina
exist,existir
sea,mar
institution,instituição
purpose,propósito
pattern,padronizar
detail,detalhe
machine,máquina
challenge,desafio
owner,proprietário
agent,agente
tough,difícil
ahead,à frente
generation,geração
commercial,comercial
whom,o qual
surface,superfície
budget,orçamento
senator,senador
bag,sacola
reality,realidade
editor,editor
tend,tratar
address,Morada
civil,Civil
discussion,discussão
mom,mamãe
violence,violência
total,total
skin,pele
heat,aquecer
council,conselho
notice,perceber
beat,bater
nor,nem
modern,moderno
vote,voto
sing,canta
cancer,Câncer
finger,dedo
lake,lago
wish,desejar
marriage,casado
victim,vítima
task,tarefa
yard,Jardim
kitchen,cozinha
item,item
responsibility,responsabilidade
mouth,boca
agreement,acordo
attorney,advogado
capital,capital
threat,ameaça
smile,sorriso
gas,gás
positive,positivo
track,acompanhar
investment,investimento
account,conta
rich,rico
citizen,cidadão
audience,público
lady,senhora
dinner,jantar
western,ocidental
debate,debate
consumer,consumidor
majority,maioria
interesting,interessante
prevent,evita
travel,viagem
born,nascido
relate,relacionar
assume,presumir
none,Nenhum
admit,Admitem
front,frente
coach,treinador
partner,parceiro
shot,tomada
scientist,cientista
senior,Senior
suffer,Sofra
alone,sozinho
collection,coleção
successful,bem sucedido
speech,Fala
eventually,eventualmente
key,chave
mission,missão
score,pontuação
newspaper,jornal
wind,vento
reform,reforma
concerned,preocupado
professional,profissional
relation,relação
troops,tropas
garden,jardim
access,Acesso
publish,publicar
recall,lembrar
Soviet,Soviético
southern,sulista
senate,senado
opinion,opinião
option,opção
judge,juiz
original,original
customer,cliente
critical,crítico
corner,canto
basic,básico
income,renda
directly,diretamente
release,liberar
restaurant,restaurante
neighborhood,vizinhança
effective,eficaz
labor,trabalho
nobody,ninguém
stare,olhar fixamente
immediately,imediatamente
achieve,alcançar
forest,floresta
dad,Papai
hurt,ferir
video,vídeo
strike,ataque
safety,segurança
absolutely,absolutamente
therefore,Portanto
freedom,liberdade
version,versão
plane,avião
attitude,atitude
sexual,sexual
refer,referir
fresh,fresco
involved,envolvido
powerful,poderoso
bird,pássaro
touch,toque
variety,variedade
deep,profundo
text,texto
wide,largo
credit,crédito
nine,nove
sleep,dorme
investigation,investigação
announce,anunciar
completely,completamente
conduct,conduta
conflict,conflito
replace,substituir
attend,participar
participant,participante
argument,argumento
object,objeto
please,por favor
nuclear,nuclear
sky,céu
afternoon,tarde
hundred,centenas
encourage,encorajar
perfect,perfeito
possibility,possibilidade
British,Britânico
examine,examinar
conversation,conversação
generally,geralmente
beginning,começo
secretary,secretário
beach,de praia
safe,seguro
spirit,espírito
weekend,fim de semana
date,encontro
define,definir
feature,característica
global,global
element,elemento
attempt,tentar
slowly,devagar
governor,governador
concept,conceito
sorry,desculpe
easily,facilmente
battle,batalha
league,liga
camp,acampamento
introduce,introduzir
status,status
insurance,seguro
complete,completo
stick,grudar
solution,solução
web,rede
vision,visão
stone,pedra
lack,falta
driver,condutor
normal,normal
truck,caminhão
minister,ministro
handle,lidar com
hole,buraco
fan,fã
spot,ver
crisis,crise
supposed,suposto
refuse,recusar
drink,beber
researcher,investigador
tradition,tradição
communication,comunicação
distance,distância
ship,navio
gain,ganho
express,expressar
independent,independente
ice,gelo
scale,escala
brain,cérebro
winter,inverno
commission,comissão
wood,madeira
division,divisão
species,espécies
AM,SOU
roll,lista
hide,ocultar
client,cliente
resident,residente
contract,contrato
gold,ouro
potential,potencial
presence,presença
institute,instituto
screen,tela
Chinese,chinês
horse,cavalo
European,europeu
target,alvo
willing,disposto
survey,pesquisa
interested,interessado
chief,chefe
crowd,multidão
prison,prisão
terms,termos
obviously,obviamente
basis,base
apartment,apartamento
farm,Fazenda
flight,voar
shape,forma
demand,exigem
strength,força
village,Vila
operate,operar
reporter,repórter
guard,guarda
observe,observar
deliver,entregar
count,contar
advantage,vantagem
wild,selvagem
previous,anterior
average,média
emerge,emerge
contribute,contribuir
leadership,Liderança
boat,barco
facility,instalação
earn,ganhar
highly,altamente
vehicle,veículo
pound,libra
tiny,minúsculo
understanding,compreensão
settle,resolver
unless,a não ser que
tomorrow,amanhã
foundation,Fundação
quick,rápido
block,quadra
reader,leitor
collect,coletar
guest,convidado
living,vivo
tool,ferramenta
protection,proteção
fair,feira
additional,adicional
promote,promover
equipment,equipamento
mostly,majoritariamente
painting,quadro
feed,alimentação
principle,princípio
bowl,tigela
technique,técnica
limit,limite
identity,identidade
title,título
critic,crítico
survive,sobreviver
cry,choro
border,fronteira
lift,levantar
path,caminho
aspect,aspecto
marry,casar
shop,fazer compras
failure,falha
ride,passeio
responsible,responsável
gather,reunir
jump,pular
sample,amostra
affair,caso
worth,que vale a pena
fit,em forma
chairman,presidente
lesson,lição
Christmas,Natal
insist,insistir
anybody,qualquer pessoa
folk,folk
band,banda
ear,orelha
procedure,procedimento
associate,associado
inch,polegada
warm,caloroso
African,africano
French,Francês
baseball,beisebol
demonstrate,demonstrar
foot,pé
Christian,cristão
competition,concorrência
afraid,com medo
spread,espalhar
ignore,ignorar
soft,suave
annual,anual
wonderful,Maravilhoso
threaten,ameaçar
commit,comprometer-se
deny,negar
intelligence,inteligência
regular,regular
influence,influência
reaction,reação
cross,Cruz
master,mestre
suit,Traje
blow,golpe
destroy,destruir
gift,Presente
coffee,café
anyway,de qualquer forma
belief,crença
comment,Comente
apparently,aparentemente
twice,duas vezes
background,fundo
quarter,trimestre
review,Reveja
faith,fé
speed,Rapidez
engage,se empenhar
broad,largo
perspective,perspectiva
slightly,um pouco
growing,crescendo
function,função
construction,construção
egg,ovo
wave,aceno
female,fêmea
murder,assassinato
tape,fita
burn,queimar
means,significa
aware,consciente
mistake,erro
quiet,tranquilo
connection,conexão
shoe,sapato
clothes,roupas
promise,promessa
religion,religião
united,Unidos
context,contexto
active,ativo
youth,juventude
location,localização
neighbor,vizinho
dress,vestir
Internet,Internet
category,categoria
dangerous,perigoso
extend,ampliar
combine,combinar
coast,costa
relatively,relativamente
bus,ônibus
hey,Ei
following,Segue
depend,depender
hell,inferno
bone,osso
cook,cozinheiro
direct,direto
native,nativo
cool,legal
remind,lembrar
historical,histórico
moral,moral
voter,eleitor
appropriate,apropriado
famous,famoso
hire,contratar
victory,vitória
contact,contato
fully,totalmente
negative,negativo
medicine,medicamento
participate,participar
grade,avaliar
eastern,Oriental
supply,fornecer
yesterday,ontem
familiar,familiar
democracy,democracia
pair,par
healthy,saudável
tie,gravata
birth,nascimento
progress,progresso
damage,dano
exchange,intercâmbio
bottom,fundo
daily,diário
document,documento
grand,grande
journal,Diário
knee,joelho
primary,Primário
otherwise,por outro lado
train,Comboio
grab,agarrar
circle,círculo
lean,magro
wine,vinho
minority,minoria
flower,flor
device,dispositivo
Iraqi,iraquiano
plate,prato
clean,limpar
alive,vivo
actor,ator
hate,odiar
expression,expressão
below,abaixo de
bright,brilhante
tour,Tour
finding,encontrando
exercise,exercício
plastic,plástico
danger,perigo
neck,pescoço
valley,vale
academic,acadêmico
application,inscrição
intend,pretende
male,macho
tall,alta
shut,fechar
lots,grande quantidade
Indian,indiano
respect,respeito
colleague,colega
writing,escrita
rain,chuva
fast,velozes
football,futebol
welcome,Bem-vindo
domestic,doméstico
pool,piscina
literature,literatura
extra,extra
northern,norte
desire,desejo
corporate,corporativo
session,sessão
supreme,supremo
studio,estúdio
Russian,russo
nod,aceno com a cabeça
learning,Aprendendo
climb,escalar
importance,importância
somewhere,em algum lugar
expand,expandir
fourth,quarto
dry,seco
disappear,desaparecer
abuse,Abuso
chicken,frango
obtain,obtivermos
map,mapa
carefully,com cuidado
increasingly,cada vez mais
greatest,o melhor
complex,complexo
metal,metal
jury,júri
sweet,doce
proposal,proposta
impossible,impossível
scientific,científico
ticket,bilhete
leaf,folha
classroom,Sala de aula
surround,cercada
lunch,almoço
meaning,significado
injury,prejuízo
invite,convidar
enemy,inimigo
repeat,repetir
bear,urso
lip,lábio
mayor,prefeito
award,prêmio
commitment,compromisso
consequence,consequência
instruction,instrução
surprise,surpresa
poll,votação
favorite,favorito
explore,explorar
predict,prever
adopt,adotar
sight,visão
storm,tempestade
assessment,avaliação
weather,tempo
pocket,bolso
aid,ajuda
reading,leitura
thin,fino
soul,alma
strange,estranho
married,casado
organize,organizar
conclusion,conclusão
fuel,combustível
urban,urbano
belong,pertencer
salt,sal
farmer,agricultor
straight,direto
advice,adendo
balance,Saldo
temperature,temperatura
empty,vazio
conclude,concluir
somehow,de alguma forma
presidential,presidencial
prime,melhor
breast,seios
desk,mesa
breath,respiração
theater,teatro
acknowledge,reconhecer
theme,tema
fat,gordo
software,Programas
sugar,açúcar
educational,educacional
thousand,mil
code,código
connect,conectar
yellow,amarelo
instrument,instrumento
Japanese,japonês
panel,painel
library,biblioteca
expensive,caro
emotional,emocional
engine,motor
propose,propor
mental,mental
difficulty,dificuldade
brown,Castanho
basically,basicamente
ring,anel
mark,marca
locate,localizar
search,procurar
largely,largamente
possibly,possivelmente
anymore,não mais
generate,gerar
regional,regional
obvious,óbvio
angry,Bravo
analyst,analista
accident,acidente
trend,tendência
appearance,aparência
currently,atualmente
shadow,sombra
being,ser
moon,lua
bridge,ponte
recommend,recomendar
hearing,audição
fruit,fruta
dance,dança
shift,mudança
comfortable,confortável
struggle,luta
revenue,receita
notion,noção
okay,ok
package,pacote
ought,deveria
traffic,tráfego
internal,interno
prefer,preferir
crew,equipe técnica
profit,lucro
regulation,regulamento
link,link
thinking,pensamento
hardly,dificilmente
airport,aeroporto
extremely,extremamente
sick,doente
capture,capturar
unique,único
actual,real
chest,peito
meal,refeição
beauty,beleza
extent,extensão
defend,defender
visitor,Visitante
dozen,dúzia
declare,declarar
emergency,emergência
ad,de Anúncios
truly,verdadeiramente
planet,planeta
select,Selecione
ethnic,étnico
nose,nariz
loan,empréstimo
cash,dinheiro
contribution,contribuição
slow,lento
contrast,contraste
bottle,garrafa
launch,lançar
novel,novela
duty,dever
root,raiz
content,contente
component,componente
appreciate,apreciar
circumstance,circunstância
teaching,ensino
paint,pintar
thick,espesso
cat,gato
neither,nenhum
ourselves,nós mesmos
correct,correto
warn,avisar
capacity,capacidade
convention,convenção
politician,político
pursue,perseguir
setting,contexto
zone,zona
pilot,piloto
ensure,garantir
ultimately,em última análise
wake,acordar
shirt,camisa
guide,guia
AIDS,AUXILIA
mix,misturar
slip,escorregar
steal,roubar
frequently,freqüentemente
blame,culpa
sheet,Folha
estimate,estimativa
relief,alívio
combination,combinação
investor,investidor
due,vencimento
silence,silêncio
manner,maneiras
muscle,músculo
branch,ramo
chain,corrente
telephone,Telefone
investigate,investigar
German,Alemão
percentage,percentagem
outcome,resultado
estate,Estado
forth,adiante
stress,estresse
equal,igual
English,Inglês
welfare,bem-estar
typical,típica
crazy,louco
except,exceto
funny,engraçado
meat,eu no
appeal,apelo
long-term,longo prazo
eliminate,eliminar
used,usado
motion,movimento
complain,reclamar
row,fileira
Jewish,judaico
kick,chute
snow,neve
producer,produtor
solve,resolver
opposition,oposição
basketball,basquetebol
rely,confiar
conservative,conservador
trust,Confiar em
mirror,espelho
tank,tanque
significantly,significativamente
somewhat,um pouco
attract,atrai
anywhere,qualquer lugar
regime,regime
fix,fixar
entirely,inteiramente
afford,proporcionar
length,comprimento
secret,segredo
pleasure,prazer
file,Arquivo
tooth,dente
confirm,confirme
separate,separado
golden,dourado
meanwhile,Enquanto isso
channel,canal
bedroom,quarto
requirement,requerimento
ancient,antigo
coverage,cobertura
trail,trilha
host,hospedeiro
surgery,cirurgia
perception,percepção
rare,cru
era,era
grant,conceder
ocean,oceano
seriously,a sério
confidence,confiança
aside,"a parte, de lado"
tear,rasgar
judgment,julgamento
industrial,industrial
expectation,expectativa
resolution,resolução
copy,cópia de
wing,asa
doubt,dúvida
fun,Diversão
totally,totalmente
pour,derramar
gender,Gênero sexual
surprised,surpreso
beer,Cerveja
bond,ligação
plus,mais
debt,dívida
smart,inteligente
terrible,Terrível
witness,testemunha
reference,referência
vice,vício
hero,herói
bomb,bombear
rating,Avaliação
busy,ocupado
cite,citar
corporation,corporação
representative,representante
everywhere,em toda parte
soil,solo
highway,autoestrada
frame,quadro
stretch,esticar
oppose,opor
Catholic,católico
cloud,nuvem
initial,inicial
variable,variável
essential,essencial
improvement,melhoria
opening,abertura
necessarily,necessariamente
nurse,enfermeira
incident,incidente
abortion,aborto
divide,dividir
aim,mirar
tired,cansado
careful,cuidadoso
cheap,barato
beside,ao lado
apart,separado
criminal,Criminoso
employ,empregar
rush,correr
user,do utilizador
upper,superior
winner,vencedora
fashion,moda
tip,gorjeta
apple,maçã
vast,grande
specifically,especificamente
limited,limitado
enormous,enorme
holiday,feriado
e-mail,o email
emphasize,enfatizar
merely,apenas
core,essencial
match,Combine
landscape,paisagem
overall,No geral
golf,golfe
virtually,virtualmente
route,rota
flow,fluxo
fewer,menos
cable,cabo
gate,portão
proud,orgulhoso
dish,prato
beneath,abaixo
increased,aumentou
succeed,ter sucesso
barely,por muito pouco
narrow,estreito
solid,sólido
contemporary,contemporâneo
accuse,acusar
unfortunately,infelizmente
useful,útil
noise,ruído
expose,expor
mass,massa
multiple,múltiplo
vegetable,vegetal
seed,semente
reject,rejeitar
decline,declínio
experiment,experimentar
legislation,legislação
hat,chapéu
massive,enorme
grass,Relva
definitely,definitivamente
closer,mais próximo
liberal,liberal
stir,mexer
captain,capitão
revolution,revolução
typically,tipicamente
sector,setor
approve,aprovar
uncle,tio
volume,volume
explanation,explicação
sentence,frase
escape,escapar
unusual,incomum
distribution,distribuição
rural,rural
cast,elenco
household,doméstico
celebrate,comemoro
taste,gosto
characteristic,característica
addition,Adição
acquire,adquirir
closely,de perto
proper,apropriado
tone,tom
topic,tema
towards,em direção
waste,desperdício
wheel,roda
athlete,atleta
convince,convencer
alternative,alternativo
pepper,pimenta
cream,creme
technical,técnico
square,quadrado
plenty,bastante
invest,investir
regard,que diz respeito
intervention,intervenção
illegal,ilegal
lower,mais baixo
compete,competir
talent,talento
guilty,culpado
milk,leite
height,altura
assistance,assistência
personality,personalidade
Israeli,israelense
gay,gay
forever,para todo sempre
assess,avaliar
weak,fraco
cigarette,cigarro
permit,permitir
passenger,passageiro
criticism,crítica
twenty,vinte
honor,honra
creative,criativo
knock,bater
display,exibição
campus,campus
definition,definição
gray,cinzento
signal,sinal
warning,aviso
physician,médico
column,coluna
interaction,interação
dramatic,dramático
republic,república
primarily,principalmente
priority,prioridade
achievement,conquista
request,solicitar
wrap,enrolar
engineer,engenheiro
rice,arroz
scholar,estudioso
airline,CIA aérea
expense,despesa
observation,observação
gap,Gap = Vão
agenda,agenda
creation,criação
drag,arrastar
suspect,suspeito
fishing,pescaria
bread,pão
hi,Oi
unable,impossível
scream,gritar
journalist,jornalista
constitution,constituição
lucky,afortunado
excellent,excelente
payment,Forma de pagamento
selection,seleção
lab,laboratório
arrest,prender prisão
deeply,profundamente
sad,triste
childhood,infância
suppose,suponha
fairly,com justiça
prosecutor,promotor
violent,violento
recover,recuperar
roof,cobertura
amendment,alteração
emotion,emoção
existing,existir
graduate,diplomado
factory,fábrica
schedule,cronograma
avenue,Avenida
spiritual,espiritual
wash,lavagem
planning,planejamento
self,auto
shout,gritar
silent,silencioso
brief,apresentação
error,erro
widely,largamente
description,Descrição
immediate,imediato
purchase,comprar
leading,conduzindo
funding,financiamento
settlement,povoado
prayer,oração
initiative,iniciativa
coalition,aliança
comparison,comparação
portion,parte
opponent,oponente
tension,tensão
chapter,capítulo
bother,irmão
curriculum,currículo
consist,consiste
immigrant,imigrante
enable,permitir
faculty,Faculdade
steel,aço
desert,deserto
asset,de ativos
housing,habitação
transform,transformar
regarding,em relação a
perceive,perceber
depression,depressão
inform,informar
formal,formal
abandon,abandono
chip,lasca
double,em dobro
remaining,remanescente
existence,existência
cheese,queijo
joint,articulação
savings,poupança
preserve,preservar
diet,dieta
territory,território
tea,chá
bend,dobrar
arrange,arranjo
resolve,resolver
passage,passagem
lock,trancar
resistance,resistência
stream,fluxo
slide,deslizar
sharp,afiado
cycle,ciclo
pose,pose
phase,Estágio
transition,transição
reduction,redução
negotiation,negociação
manufacturer,fabricante
quote,citar
deserve,merecer
sale,oferta
layer,camada
wedding,Casamento
discovery,descoberta
mine,minha
academy,Academia
sand,areia
missile,míssil
elect,eleger
climate,clima
participation,participação
knife,faca
atmosphere,atmosfera
joke,Piada
urge,impulso
ordinary,comum
visual,visual
numerous,numeroso
occasion,ocasião
philosophy,filosofia
suicide,suicídio
shall,deve
glad,alegre
goods,bens
moreover,além disso
coat,casaco
consistent,consistente
alcohol,álcool
opposite,oposto
cop,policial
universe,universo
breathe,respirar
practical,prático
therapy,terapia
racial,racial
elsewhere,em outro lugar
rarely,raramente
essentially,essencialmente
discipline,disciplina
reply,responder
Mexican,mexicano
passion,paixão
tale,conto
dust,pó
kiss,beijo
iron,ferro
independence,independência
Spanish,Espanhol
advance,avançar
pot,Panela
potato,batata
motor,motor
pack,pacote
dominate,dominar
marketing,marketing
disaster,desastre
exposure,exposição
complaint,reclamação
cap,boné
congressional,Congresso
jacket,jaqueta
intense,intenso
impose,impor
electric,elétrico
implement,implemento
enforcement,execução
analyze,analisar
retire,se aposentar
deficit,déficit
emphasis,ênfase
concentrate,concentrado
accomplish,concluir
previously,anteriormente
symbol,símbolo
bureau,escritório
laboratory,laboratório
attach,anexar
fundamental,fundamental
whenever,em qualquer momento
arrangement,arranjo
investigator,investigador
shock,choque
adjust,ajustar
employer,Empregador
visible,visível
priest,padre
volunteer,voluntário
interpretation,interpretação
entertainment,entretenimento
habit,hábito
illustrate,ilustrar
equally,igualmente
prospect,Prospect
enhance,realçar
severe,forte
monitor,monitor
amazing,incrível
poverty,pobreza
increasing,aumentando
boss,chefe
inspire,inspirar
anger,raiva
heavily,pesadamente
parking,estacionamento
print,imprimir
maker,criador
involvement,envolvimento
queen,rainha
gene,gene
vary,variar
approximately,aproximadamente
gallery,galeria
evaluate,Avalie
transfer,transferir
usual,usual
mystery,mistério
entry,entrada
mood,humor
bean,feijão
objective,objetivo
capable,capaz
constant,constante
substance,substância
strongly,fortemente
exception,exceção
commander,comandante
spending,gastar
crucial,crucial
acre,Acre
wire,arame
command,comando
nervous,nervoso
so-called,assim chamado
competitive,competitivo
Asian,Asiático
tower,torre
veteran,veterano
creature,criatura
smoke,fumaça
Arab,árabe
prince,Principe
alliance,aliança
transportation,transporte
luck,sorte
symptom,sintoma
bury,enterrar
clinic,consultório
illness,doença
championship,campeonato
prisoner,prisioneiro
reputation,reputação
edition,edição
juice,suco
sauce,molho
peak,pico
confront,enfrentar
breakfast,café da manhã
recognition,reconhecimento
smell,cheiro
ally,aliado
pure,puro
toy,brinquedo
salary,salário
electronic,eletrônico
bathroom,banheiro
surely,certamente
psychological,psicológico
evaluation,avaliação
dimension,dimensão
personnel,pessoal
belt,cinto
accompany,acompanhar
implication,implicação
album,álbum
perfectly,perfeitamente
jet,jato
hello,olá
relative,relativo
tourist,turista
phenomenon,fenômeno
fellow,companheiro
toss,sorteio
publication,publicação
nearby,próximo
consideration,consideração
holy,piedosos
enterprise,empreendimento
inner,interno
pray,rezar
creek,Riacho
boot,bota
whisper,sussurrar
resist,resistir
journey,jornada
flag,bandeira
disorder,transtorno
designer,Designer
literally,literalmente
apparent,aparente
permanent,permanente
angle,ângulo
smooth,suave
unlike,diferente
tablespoon,colher de sopa
consultant,consultor
twin,gêmeo
favor,Favor
throat,garganta
construct,construir
birthday,aniversário
swing,balanço
supporter,apoiador
testing,teste
reasonable,razoável
mail,correspondência
silver,prata
retirement,aposentadoria
sensitive,confidencial
gentleman,cavalheiro
navy,marinha
terrorism,terrorismo
occasionally,ocasionalmente
glance,olhar
observer,observador
constantly,constantemente
bind,ligar
wet,molhado
dig,escavação
quit,Sair
digital,digital
vs,vs.
assist,assistência
employment,emprego
suggestion,sugestão
rapidly,rapidamente
embrace,abraçar
junior,júnior
stomach,estômago
extreme,extremo
recovery,recuperação
negotiate,negociar
impression,impressão
wage,remuneração
fifth,quinto
FALSE,FALSO
pink,rosa
absence,ausência
aggressive,agressivo
corn,milho
mixture,mistura
substantial,substancial
grandmother,avó
quietly,silenciosamente
jail,cadeia
specialist,especialista
dealer,distribuidor
poem,poema
butter,manteiga
conventional,convencional
pace,ritmo
intention,intenção
peer,par
restore,restaurar
wooden,de madeira
criticize,criticar
nevertheless,mesmo assim
approval,aprovação
historic,histórico
secure,seguro
preparation,preparação
Latin,Latim
lord,senhor
teaspoon,colher de chá
musical,musical
weigh,pesar
pan,frigideira
assure,assegurar
viewer,espectador
arise,surgir
administrator,administrador
immigration,imigração
honest,honesto
origin,origem
giant,gigante
diversity,diversidade
tomato,tomate
advise,conselho
biological,biológico
shell,Concha
essay,ensaio
historian,historiador
deputy,deputado
effectively,efetivamente
buck,bode
tube,tubo
refugee,refugiado
depth,profundidade
flat,apartamento
precisely,precisamente
mad,louco
disability,incapacidade
destruction,destruição
assumption,suposição
normally,normalmente
angel,anjo
pop,pop
criteria,critério
minor,menor
crop,colheita
barrier,barreira
assign,atribuir
elementary,elementar
valuable,de valor
testimony,testemunho
stake,estaca
concert,show
label,etiqueta
routine,rotina
wealth,fortuna
gang,gangue
incorporate,incorporar
brand,marca
recipe,receita
vacation,período de férias
utility,Utilitário
satellite,satélite
extraordinary,extraordinário
ultimate,final
chemical,químico
advocate,advogado
educator,educador
cake,bolo
phrase,frase
yell,gritar
personally,pessoalmente
respondent,respondente
Palestinian,palestino
classic,clássico
snap,foto
via,através da
lawsuit,processo
install,instalar
sweep,varrer
festival,festival
draft,rascunho
heaven,paraíso
switch,trocar
activist,ativista
ceiling,teto
clock,relógio
aunt,tia
darkness,Trevas
daddy,papai
royal,real
advertising,publicidade
rough,rude
pregnant,grávida
penalty,pena
distant,distante
developing,em desenvolvimento
yield,colheita
armed,armado
mechanism,mecanismo
rank,classificação
killer,assassino
fence,cerca
universal,universal
terror,terror
wolf,lobo
anxiety,ansiedade
found,encontrado
protein,proteína
engineering,Engenharia
clothing,confecções
proceed,Continuar
fiber,fibra
react,reagir
spin,rodar
roughly,aproximadamente
drama,drama
liberty,liberdade
ingredient,ingrediente
hip,quadril
provision,provisão
burden,fardo
teen,adolescente
survival,sobrevivência
unlikely,improvável
Italian,italiano
chamber,câmara
lost,perdido
communicate,comunicar
stupid,estúpido
bet,aposta
Muslim,muçulmano
bell,Sino
onion,cebola
disagree,discordar
encounter,encontro
constitutional,constitucional
cabinet,gabinete
remarkable,notável
broken,quebrado
latter,último
overcome,superar
virus,vírus
stranger,desconhecido
retain,reter
prize,prêmio
string,corda
exhibition,exibição
expansion,expansão
tremendous,tremendo
bunch,monte
assistant,assistente
initially,inicialmente
accurate,exato
cheek,bochecha
index,índice
occupy,ocupar
gear,engrenagem
guarantee,garantia
chocolate,chocolate
ceremony,cerimônia
button,botão
shopping,Shopping
dispute,disputa
furniture,mobiliário
marine,marinho
statistics,Estatisticas
Olympic,olímpico
wipe,limpar
spokesman,porta -voz
super,super
Islamic,islâmico
translate,traduzir
interpret,interpretar
testify,testemunhe
cooperation,cooperação
friendly,amigáveis
profile,perfil
pants,calça
whereas,enquanto
elite,elite
port,porta
complicated,complicado
cousin,prima
strategic,estratégico
terrorist,terrorista
chart,gráfico
drawing,desenho
gently,suavemente
odd,ímpar
incentive,incentivo
innocent,inocente
imply,implicar
stadium,estádio
scenario,cenário
shooting,filmagem
blind,cego
assembly,conjunto
withdraw,retirar o
strip,faixa
lover,amante
mainly,principalmente
aircraft,Aeronave
newly,recentemente
ideal,ideal
dirt,sujeira
boundary,fronteira
resort,recorrer
genetic,genético
concentration,concentração
naturally,naturalmente
ministry,ministério
surprising,surpreendente
adviser,conselheiro
recommendation,recomendação
similarly,similarmente
justify,justificar
wildlife,animais selvagens
bench,banco de sentar
bullet,bala
mode,modo
champion,campeão
dismiss,dispensar
deck,área coberta
lifetime,vida
extensive,extenso
attractive,atraente
politically,politicamente
regularly,regularmente
raw,cru
fault,culpa
clinical,clínico
detect,detectar
considerable,considerável
working,trabalhando
partly,parcialmente
platform,plataforma
remote,controlo remoto
fortune,fortuna
slave,escravo
delivery,Entrega
reflection,reflexão
relevant,relevante
unknown,desconhecido
pause,pausa
tissue,tecido
sink,afundar
counter,contador
Bible,Bíblia
license,licença
tragedy,tragédia
dialogue,diálogo
mutual,mútuo
loose,solto
external,externo
pride,orgulho
awareness,conhecimento
electricity,eletricidade
diverse,diversificado
advanced,Avançado
faster,mais rápido
online,conectados
assault,assalto
shortly,Em breve
finance,finança
originally,originalmente
founder,fundador
characterize,caracterizar
protest,protesto
pole,pólo
intellectual,intelectual
communist,comunista
infection,infecção
controversy,controvérsia
freeze,congelar
portrait,retrato
proof,prova
satisfaction,satisfação
insight,entendimento
headquarters,quartel general
stair,escada
crash,batida
constitute,constituir
thirty,trinta
alter,alterar
sudden,repentino
potentially,potencialmente
dirty,sujo
evolve,evoluir
teenager,adolescente
violation,violação
joy,alegria
possess,possuir
hurricane,furacão
offense,ofensa
relax,relaxar
mount,montar
treaty,tratado
prior,anterior
memorial,memorial
establishment,estabelecimento
tap,toque
swim,nadar
properly,devidamente
gulf,golfo
tongue,língua
salad,salada
shelter,abrigo
correspondent,correspondente
introduction,introdução
funeral,funeral
literary,literário
convert,converter
violate,violar
rub,esfregar
entrance,Entrada
episode,episódio
tournament,torneio
vital,vital
stable,estábulo
split,dividir
representation,representação
fiction,ficção
lane,faixa
distinction,distinção
segment,segmento
comprehensive,compreensivo
confident,confiante
prominent,proeminente
presentation,apresentação
net,internet
squeeze,espremer
tobacco,tabaco
significance,significado
imagination,imaginação
pretend,fingir
mere,mero
fade,desvaneça
steady,estável
nowhere,lugar algum
variation,variação
radical,radical
adventure,aventura
profession,profissão
exciting,excitante
fate,destino
regardless,sem considerar
load,carregar
singer,cantor
distribute,distribuir
ton,tonelada
instance,instância
affiliation,afiliação
hunting,Caçando
pale,pálido
poet,poeta
gradually,gradualmente
partnership,parceria
capability,capacidade
Canadian,canadense
tech,tecnologia
commerce,comércio
grandfather,Vô
bake,assar
shelf,prateleira
honey,querida
round,redondo
flee,fugir
adapt,adaptar
buyer,comprador
divorce,divórcio
defensive,defensiva
bombing,bombardeio
scared,assustada
gesture,gesto
poetry,poesia
reserve,reserva
satisfy,satisfazer
pollution,poluição
lawn,grama
depending,dependendo
wisdom,sabedoria
comfort,conforto
plot,enredo
vulnerable,vulnerável
explosion,explosão
tail,rabo
differ,diferir
sustain,sustentar
stability,estabilidade
fantasy,fantasia
obligation,obrigação
God,Deus
bike,bicicleta
dining,jantar
custom,personalizadas
ill,doente
celebrity,celebridade
leather,couro
given,dado
framework,estrutura
owe,dever
slight,pouco
tendency,tendência
crack,rachadura
briefly,brevemente
derive,derivar
speaker,palestrante
scandal,escândalo
fifteen,quinze
scheme,esquema
jazz,jazz
elderly,idoso
celebration,celebração
evolution,evolução
fighter,lutador
publicly,publicamente
trace,vestígio
rid,livrar
detective,detetive
limitation,limitação
besides,além do mais
soup,sopa
oven,forno
rapid,rápido
chase,correr atrás
sophisticated,sofisticado
tribe,tribo
pipe,cano
deer,cervo
illustration,ilustração
mm-hmm,mm-hmm
uniform,uniforme
transmission,transmissão
storage,armazenar
pile,pilha
survivor,sobrevivente
resemble,assemelhar -se
incredible,incrível
impress,impressionar
economist,economista
efficient,eficiente
fifty,cinquenta
shade,sombra
opera,ópera
calculate,calcular
preference,preferência
guideline,diretriz
consume,consumir
maintenance,manutenção
formation,formação
glove,luva
scholarship,Bolsa de estudo
educate,educar
proportion,proporção
appointment,compromisso
conviction,convicção
myth,mito
solar,solar
vessel,embarcação
wealthy,próspero
friendship,amizade
membership,Filiação
craft,arte
qualify,qualificar
earnings,ganhos
asleep,dormindo
porch,varanda
controversial,controverso
painful,doloroso
congressman,Congressista
mama,Mama
infant,infantil
cow,vaca
proposed,proposto
sufficient,suficiente
oak,carvalho
mall,Shopping
punishment,punição
helpful,útil
ongoing,em progresso
admission,admissão
frequency,frequência
ratio,Razão
delay,atraso
privacy,privacidade
trick,truque
etc,etc.
circuit,o circuito
musician,músico
sue,processar
aide,assessor
modest,modesto
helicopter,helicóptero
empire,Império
detailed,detalhado
efficiency,eficiência
humor,humor
sanctions,sanções
badly,seriamente
tennis,tênis
emission,emissão
desperate,desesperado
garlic,alho
contest,concurso
strengthen,fortalecer
demonstration,demonstração
restriction,restrição
Irish,irlandês
hunter,caçador
standing,de pé
handful,punhado
explode,explodir
prompt,pronto
absorb,absorver
eager,ansioso
temporary,temporário
commissioner,comissário
diamond,diamante
curious,curioso
differently,diferentemente
reservation,reserva
downtown,centro da cidade
adjustment,ajustamento
composition,composição
tiger,tigre
fabric,tecido
assert,afirmar
discrimination,discriminação
float,flutuador
math,matemática
overlook,negligenciar
corps,corpo
sequence,seqüência
heel,salto
successfully,com sucesso
examination,exame
horizon,horizonte
absolute,absoluto
anticipate,antecipar
yours,Sua
dominant,dominante
bull,touro
prevention,prevenção
meter,metro
legitimate,legítimo
mask,mascarar
bite,morder
stroke,derrame
assignment,atribuição
lion,leão
rifle,rifle
brilliant,brilhante
appoint,nomear
boom,estrondo
naked,nu
hungry,com fome
tight,apertado
flame,chama
economics,Economia
cabin,cabine
orange,laranja
wander,perambular
taxpayer,contribuinte
romantic,romântico
devote,dedicar
inflation,inflação
furthermore,além do mais
pine,pinho
agriculture,agricultura
legacy,legado
extension,extensão
barrel,barril
arrival,chegada
register,registro
flavor,sabor
versus,contra
flesh,carne
submit,enviar
garage,garagem
cotton,algodão
operator,operador
nut,porca
blade,lâmina
girlfriend,Namorada
dependent,dependente
carbon,carbono
heritage,herança
organic,orgânico
ambassador,embaixador
invasion,invasão
summit,cume
lifestyle,estilo de vida
agricultural,agrícola
shrug,dar de ombros
counsel,conselho
distinguish,distinguir
menu,cardápio
awful,horrível
wound,ferimento
manufacturing,fabricação
consumption,consumo
permission,permissão
twelve,doze
offensive,ofensiva
shower,banho
collapse,colapso
undergo,submeter-se a
consciousness,consciência
frustration,frustração
operating,operativo
ease,facilidade
carrier,operadora
scope,alcance
grain,grão
distinct,distinto
ranch,rancho
workshop,oficina
auto,auto
publisher,editor
narrator,narrador
brush,escovar
ban,banimento
portray,retratar
fighting,brigando
borrow,pedir emprestado
seize,aproveitar
psychology,psicologia
subsequent,subseqüente
exceed,ultrapassarem
killing,matando
deadline,data limite
athletic,Atlético
wise,sábio
medication,medicamento
repeatedly,repetidamente
frequent,freqüente
rocket,foguete
fame,fama
lung,pulmão
depict,representar
persuade,persuadir
tent,barraca
ah,Ah
motivation,motivação
odds,chances
worried,preocupado
principal,diretor
ugly,feio
adequate,adequado
nonetheless,Não obstante
widespread,difundido
transformation,transformação
physically,fisicamente
provider,fornecedor
admire,admirar
headline,título
miracle,milagre
institutional,institucional
homeless,sem teto
impressive,impressionante
chef,chefe de cozinha
tactic,Tática
measurement,medição
identification,identificação
province,província
moderate,moderado
consensus,consenso
lovely,encantador
comedy,comédia
shore,costa
photographer,fotógrafo
venture,risco
competitor,concorrente
nomination,nomeação
confusion,confusão
attribute,atributo
horror,Horror
orientation,orientação
weekly,semanalmente
legislature,legislatura
basket,cesta
continued,contínuo
blanket,cobertor
eagle,águia
changing,mudando
mouse,rato
ethics,ética
ghost,fantasma
everyday,todo dia
rope,corda
formula,Fórmula
exhibit,Exibir
nerve,nervo
cope,lidar
running,corrida
psychologist,psicólogo
acid,ácido
pet,bicho de estimação
pitch,tom
occupation,ocupação
courage,coragem
defeat,derrota
pregnancy,gravidez
actress,atriz
patch,correção
margin,margem
reinforce,reforçar
collective,coletivo
brick,tijolo
script,roteiro
cooking,cozinhando
tunnel,túnel
concrete,concreto
recruit,recrutar
grocery,mercado
lemon,limão
dare,Ouse
exact,exato
battery,bateria
surprisingly,surpreendentemente
artistic,artístico
shit,merda
indication,indicação
cookie,bolacha
intensity,intensidade
dramatically,dramaticamente
piano,piano
concerning,relativo
lap,colo
inquiry,investigação
discourse,discurso
laughter,risada
anniversary,aniversário
telescope,telescópio
swear,jurar
charity,caridade
clue,dica
grave,cova
narrative,narrativa
hypothesis,hipótese
upset,chateado
acceptable,aceitável
couch,sofá
defendant,réu
compose,compor
ballot,voto
related,relacionado
cluster,conjunto
pie,torta
recording,gravação
rail,trilho
decrease,diminuir
rape,estupro
interrupt,interromper
architect,arquiteto
sigh,suspirar
remark,observação
invent,inventar
prescription,prescrição
reward,recompensa
sacred,sagrado
organ,órgão
abroad,fora do país
devil,diabo
dear,caro
superior,superior
greatly,muito
airplane,avião
habitat,habitat
coal,carvão
soccer,futebol
entitle,direito
instructor,instrutor
integrity,integridade
shine,brilhar
mess,bagunça
norm,norma
allegation,alegação
pill,comprimido
pleased,satisfeito
plain,avião
inspector,Inspetor
forum,fórum
powder,em pó
sin,pecado
evident,evidente
sponsor,patrocinador
acceptance,aceitação
prosecution,acusação
cognitive,cognitivo
presidency,presidência
magic,Magia
northwest,noroeste
regulate,regular
exclude,excluir
colonial,colonial
rent,aluguel
civilian,civil
harbor,Porto
estimated,estimado
rhythm,ritmo
midnight,meia-noite
counselor,conselheiro
highlight,realçar
palace,Palácio
trading,negociação
compound,composto
bare,nu
echo,eco
integrate,integrar
slice,fatiar
combat,combate
medium,médio
log,registro
surgeon,cirurgião
excuse,com licença
ritual,ritual
resign,demitir-se
excited,animado
lightly,levemente
evil,mal
bitter,amargo
export,exportar
clay,argila
logic,lógica
virtue,virtude
container,recipiente
quarterback,quarterback
beg,implorar
salmon,salmão
greet,saudar
curve,curva
mill,moinho
closet,armário
interior,interior
rod,Cajado
candy,doce
restrict,restringir
initiate,iniciar
reverse,marcha ré
ethical,ético
secondary,secundário
administrative,administrativo
confuse,confundir
deadly,mortal
pig,porco
suburban,suburbano
medal,medalha
receiver,receptor
gaze,olhar
snake,cobra
march,março
experimental,experimental
civilization,civilização
classical,clássico
fold,dobrar
weakness,fraqueza
corridor,corredor
harsh,severo
retail,retalho
mortgage,hipoteca
harder,mais difícil
developer,desenvolvedor
legend,lenda
excitement,excitação
enforce,aplicar
occasional,ocasional
cowboy,vaqueiro
minimum,mínimo
flash,instantâneo
reliable,confiável
suburb,subúrbio
melt,fundição
contend,competir
plead,implorar
written,escrito
flood,enchente
stem,tronco
inevitable,inevitável
essence,essência
pitcher,jarro
subtle,sutil
slam,bater
unemployment,desemprego
trunk,porta-malas
privilege,privilégio
burst,explodido
architecture,arquitetura
monthly,por mês
render,renderizar
mainstream,convencional
frankly,francamente
obstacle,obstáculo
motivate,motivar
trap,armadilha
drinking,bebendo
elbow,cotovelo
rumor,rumor
swallow,engolir
legislative,legislativo
lecture,palestra
jeans,jeans
duck,pato
slope,declive
t-shirt,camisa
inspection,inspeção
strict,rigoroso
overwhelming,muito pesado
assemble,montar
missing,ausência de
seemingly,aparentemente
fraud,fraude
implementation,implementação
hunt,caçar
boyfriend,namorado
integration,integração
rat,rato
broadcast,transmissão
Korean,coreano
nail,unha
pen,caneta
consult,consultar
companion,companheiro
monster,monstro
nightmare,pesadelo
beef,carne
serving,servir
globe,globo
cholesterol,colesterol
parliament,parlamento
suite,suíte
continuing,continuando
hence,por isso
lend,emprestar
sixth,sexto
mud,lama
pump,bombear
flour,farinha
hostage,refém
ownership,propriedade
facilitate,facilitar
basement,porão
correlation,correlação
hurry,pressa
insect,inseto
arena,arena
drift,deriva
domain,domínio
cave,caverna
African-American,Afro-americano
consistently,consistentemente
leap,salto
effectiveness,eficácia
maximum,máximo
array,variedade
unexpected,inesperado
curtain,cortina
sandwich,sanduíche
peaceful,pacífico
humanity,humanidade
prediction,predição
Roman,romano
ideology,ideologia
railroad,Ferrovia
possession,posse
horn,chifre
replacement,substituição
announcement,anúncio
pond,lago
forgive,perdoar
bishop,bispo
uncomfortable,desconfortável
rip,rasgar
random,aleatória
herb,erva
and/or,e/ou
dump,jogar fora
guilt,culpa
cattle,gado
strain,tensão
sheriff,xerife
behave,comporte-se
crystal,cristal
execute,executar
wrist,pulso
motive,motivo
painter,pintor
convict,condenar
simultaneously,simultaneamente
recession,recessão
await,aguardam
hallway,corredor
dose,dose
endure,aguentar
counseling,aconselhamento
suck,sugar
accommodate,acomodar
traditionally,tradicionalmente
spill,derramar
fiscal,fiscal
retired,aposentado
closed,fechado
gentle,□ Gentil
separation,separação
warrior,guerreiro
convinced,convencido
southwest,sudoeste
drunk,bêbado
outdoor,ar livre
tune,afinação
harm,prejuízo
cloth,pano
wherever,onde quer que
administer,administrador
supervisor,Supervisor
compromise,compromisso
grateful,grato
Hispanic,hispânico
mandate,mandato
alarm,alarme
cruise,cruzeiro
injure,ferir
sculpture,escultura
drain,ralo
temple,têmpora
dancer,dançarino
towel,toalha
Islam,islamismo
continuous,contínuo
govern,governo
crown,coroa
contractor,contratante
adolescent,adolescente
skirt,saia
bacteria,bactérias
adoption,adoção
intelligent,inteligente
praise,elogio
outer,exterior
grip,firmeza
profound,profundo
trigger,acionar
uncertainty,incerteza
driving,dirigindo
enthusiasm,entusiasmo
complexity,complexidade
cafe,cafeteria
virtual,virtual
undermine,minar
unity,unidade
chaos,caos
commonly,comumente
endless,sem fim
rhetoric,retórica
trait,característica
pension,pensão
genuine,genuíno
sweat,suor
innovation,inovação
currency,moeda
forty,quarenta
lobby,salão
theoretical,teórico
bat,bastão
makeup,Maquiagem
pleasant,prazeroso
rebuild,reconstruir
horrible,horrível
pad,almofada
suspend,suspender
relieve,aliviar
resume,retomar
respectively,respectivamente
promotion,promoção
technological,tecnológica
galaxy,galáxia
altogether,completamente
apologize,desculpar-se
infrastructure,a infraestrutura
shuttle,transporte
thumb,dedão
questionnaire,questionário
sidewalk,calçada
businessman,homem de negocios
weird,estranhas
radiation,radiação
format,formato
scare,susto
bounce,quicar
doll,boneca
attraction,atração
needle,agulha
counterpart,contrapartida
convey,comunicar
compensation,compensação
exclusive,exclusivo
twist,torção
precise,preciso
suspicion,suspeita
southeast,sudeste
walking,andando
boost,impulso
scatter,dispersão
rebel,rebelde
van,furgão
identical,idêntico
shame,vergonha
delicate,delicado
Olympics,Olimpíadas
wider,mais largo
corruption,corrupção
hook,gancho
lieutenant,tenente
firmly,firmemente
structural,estrutural
invisible,invisível
forehead,testa
traveler,viajante
meaningful,significativo
provided,forneceu
colony,colônia
signature,assinatura
database,base de dados
clerk,atendente
dedicate,dedicar
determination,determinação
anxious,ansioso
sum,soma
frozen,congeladas
juror,jurado
timing,cronometragem
punish,punir
crawl,engatinhar
conscious,consciente
colonel,coronel
fitness,ginástica
landing,pousar
doctrine,doutrina
belly,barriga
pope,papa
thereby,deste modo
historically,historicamente
playoff,Pague
poster,poster
acquisition,aquisição
rescue,resgate
departure,partida
summary,resumo
chronic,crônica
handsome,bonito
hug,abraço
wow,uau
pursuit,perseguir
residence,residência
loud,alto
promising,promissor
disk,disco
doorway,entrada
diagnosis,diagnóstico
scout,olheiro(a)
cancel,cancelar
amid,Entre
envelope,envelope
sooner,mais cedo
beam,feixe
reluctant,relutante
spouse,cônjuge
fluid,fluido
exit,saída
mild,suave
electrical,elétrico
bath,banho
decent,decente
ankle,tornozelo
transaction,transação
reporting,comunicando
pit,opor
practically,praticamente
oxygen,oxigênio
racism,racismo
fist,punho
garbage,lixo
guitar,violão
expertise,perícia
parade,parada
exploration,exploração
carve,esculpir
realm,reino
recipient,destinatário
residential,residencial
bias,tendência
sunlight,luz solar
lamp,lâmpada
donor,doador
repair,reparar
sharply,bruscamente
hers,dela
guidance,orientação
diplomatic,diplomático
purple,roxo
princess,Princesa
candle,vela
generous,generoso
necessity,necessidade
tuck,Tuck
statue,estátua
elevator,elevador
popularity,popularidade
indicator,indicador
entity,entidade
limb,membro
bold,negrito
hesitate,hesitar
starting,iniciando
diminish,diminuir
readily,prontamente
elegant,elegante
engagement,noivado
rage,fúria
destination,destino
realistic,realista
intent,intenção
metaphor,metáfora
automobile,automóvel
productive,produtivo
endorse,endossar
isolate,isolar
confess,confessar
wilderness,região selvagem
minimize,minimizar
diagnose,diagnosticar
happiness,felicidade
spectrum,espectro
hint,dica
eating,comendo
abstract,abstrato
revolutionary,revolucionário
gym,academia
disappointed,desapontado
particle,partícula
dynamic,dinâmico
automatically,automaticamente
dawn,alvorecer
ruling,governar
mechanical,mecânico
vitamin,Vitamina
silly,boba
artificial,artificial
outstanding,excepcional
peel,descasca
oral,oral
o'clock,O'Clock
undertake,empreender
lonely,sozinho
servant,servo
indigenous,indígena
civic,Civic
full-time,tempo total
cooperate,colaborar
casual,casual
behavioral,comportamental
shortage,falta
reception,recepção
offering,oferta
huh,Hã
credibility,credibilidade
chin,queixo
physics,física
vanish,desaparecer
blend,mistura
noon,meio-dia
precious,precioso
flip,virar
scary,apavorante
pizza,pizza
toilet,banheiro
silk,seda
bid,licitação
gathering,reunião
softly,suavemente
annually,anualmente
suffering,Sofrimento
accuracy,precisão
broker,corretor
hopefully,esperançosamente
descend,descer
tide,maré
stumble,tropeçar
verbal,verbal
collector,colecionador
judicial,judicial
burning,queimando
inventory,inventário
fool,idiota
loyalty,lealdade
performer,artista
kit,kit
romance,romance
quantity,quantidade
alleged,alegou
therapist,terapeuta
longtime,muito tempo
sentiment,sentimento
sodium,sódio
seal,selo
trailer,reboque
shared,compartilhado
equity,equidade
banking,bancário
ridiculous,ridículo
processing,em processamento
dilemma,dilema
quest,busca
pillow,travesseiro
lately,recentemente
laser,laser
rigid,rígido
ours,nosso
prohibit,proibir
genius,gênio
starter,iniciante
cart,carrinho
Cuban,cubano
inmate,preso
sacrifice,sacrifício
officially,oficialmente
slap,tapa
mysterious,misterioso
specialize,especializar
fork,garfo
invitation,convite
sail,velejar
regulatory,regulatório
cartoon,desenho animado
stiff,rígido
courtroom,Tribunal
import,importar
tightly,firmemente
equation,equação
treasure,tesouro
jaw,mandíbula
scan,Varredura
condemn,condenar
improved,melhorou
pickup,pegar
dignity,dignidade
inspiration,inspiração
automatic,automático
merchant,comerciante
Greek,grego
hostile,hostil
extended,estendido
homeland,terra natal
gasoline,Gasolina
gravity,gravidade
thoroughly,completamente
bow,arco
glory,glória
optimistic,otimista
sergeant,sargento
casualty,acidente
concede,conceder
bloody,sangrento
barn,celeiro
donate,doar
unite,unir
pro,pró
feedback,retorno
grief,pesar
spite,Despeito
steep,íngreme
productivity,produtividade
conceive,conceber
tender,macio
continent,continente
hardware,hardware
equip,equipar
wagon,vagão
output,resultado
withdrawal,cancelamento
elder,mais velho
cage,cela
coastal,costeiro
patience,paciência
shallow,raso
earthquake,terremoto
voting,votação
input,entrada
canvas,tela
click,clique
sword,espada
mate,amigo
portfolio,Portfólio
bug,incomodar
refrigerator,frigorífico
northeast,nordeste
seventh,sétimo
post,publicar
combined,combinado
alien,estrangeiro
willingness,disposição
hidden,escondido
accounting,contabilidade
sexually,sexualmente
chop,Picar
patrol,patrulha
symbolic,simbólico
ruin,ruína
drum,tambor
opposed,oposto
sheer,puro
ideological,ideológico
discourage,desencorajar
canal,canal
haul,transporte
protective,protetor
conspiracy,conspiração
steam,vapor
embassy,embaixada
tackle,enfrentar
tropical,tropical
instantly,imediatamente
bubble,bolha
calm,calma
sheep,ovelha
accent,sotaque
grasp,aperto
modify,modificar
grin,sorriso
toxic,tóxico
mixed,misturado
magnitude,magnitude
afterward,depois
progressive,progressivo
manipulate,manipular
vaccine,vacina
monument,monumento
verdict,veredito
flexible,flexível
declaration,declaração
costume,traje
drawer,gaveta
bless,abençoar
rack,prateleira
deeper,Deeper
neutral,neutro
fascinating,fascinante
terrific,formidável
sympathy,simpatia
spectacular,espetacular
ounce,onça
rear,traseira
inn,Pousada
collaboration,colaboração
clip,grampo
instruct,instruir
sock,meia
rider,cavaleiro
revelation,revelação
accomplishment,realização
faint,desmaiar
spell,soletrar
gospel,Evangelho
whale,baleia
theatre,teatro
coordinator,Coordenador
talented,talentoso
alongside,ao lado
cab,táxi
isolation,isolamento
costly,dispendioso
tragic,trágico
instinct,instinto
intimate,íntimo
underlying,subjacente
influential,influente
pastor,pastor
presumably,presumivelmente
skip,pular
eleven,onze
tens,dezenas
whoever,quem quer que seja
ancestor,antepassado
safely,com segurança
nominee,Nomeado
exotic,exótico
minimal,mínimo
uncertain,incerto
Persian,persa
parental,parental
orchestra,orquestra
treasury,tesouraria
tolerate,tolerar
gallon,galão
thigh,coxa
fortunately,felizmente
ambitious,ambicioso
actively,ativamente
flexibility,flexibilidade
jar,jarra
cocaine,cocaína
incredibly,incrivelmente
consequently,consequentemente
documentary,documentário
insert,inserir
ambition,ambição
functional,funcional
bankruptcy,falência
runner,corredor
execution,execução
crush,crush
buddy,camarada
workplace,local de trabalho
skull,crânio
cord,cordão
fixed,fixo
equivalent,equivalente
casino,cassino
reliability,confiabilidade
expected,esperado
boil,ferver
whip,chicote
divine,divino
proposition,proposição
census,Censo
correction,correção
diary,diário
nest,ninho
statute,estatuto
exam,exame
metropolitan,Metropolitan
nutrition,nutrição
breeze,brisa
illusion,ilusão
anonymous,anônimo
coup,golpe
midst,meio
edit,editar
experienced,com experiência
castle,castelo
exploit,explorar
jewelry,joia
diabetes,diabetes
translation,tradução
Dutch,Holandês
irony,ironia
associated,associado
utilize,utilizar
rabbit,coelho
soap,sabão
booth,cabine
immune,imune
gut,intestino
appreciation,apreciação
scramble,passeio
upstairs,andar de cima
punch,soco
gross,bruto
liability,responsabilidade
accessible,acessível
mechanic,mecânico
ass,bunda
aesthetic,estético
dessert,sobremesa
waist,cintura
alike,parecido
brave,corajoso
loop,ciclo
passing,passagem
partially,parcialmente
statistical,Estatística
correctly,corretamente
pin,alfinete
practitioner,praticante
encouraging,encorajando
syndrome,síndrome
tribal,tribal
persist,persistir
trash,lixo
teenage,Adolescência
self-esteem,auto estima
preliminary,preliminares
sunset,pôr do sol
harassment,assédio
reportedly,segundo
fever,febre
panic,pânico
charter,Carta
outlook,panorama
foster,adotivo
comprise,compreende
known,conhecido
Thanksgiving,Ação de graças
short-term,curto prazo
shed,cabana
cooperative,cooperativo
alley,beco
subsidy,subvenção
secular,secular
aluminum,alumínio
cliff,penhasco
gram,grama
outline,contorno
mentally,mentalmente
invade,invadir
confrontation,confronto
dissolve,dissolver
shy,tímido
coin,moeda
speculation,especulação
creativity,criatividade
custody,custódia
interfere,interferir
spoon,colher
bee,abelha
rolling,rolando
interact,interagir
damn,droga
dam,barragem
unfair,Injusto
someday,algum dia
liquid,líquido
disclose,divulgar
mushroom,cogumelo
disabled,Desativado
catalog,Catálogo
publicity,publicidade
compel,obrigar
cease,cessar
decorate,decorar
surrounding,em torno da
exclusively,exclusivamente
bonus,bônus
unprecedented,sem precedente
oversee,vigiar
touchdown,aterragem
federation,federação
aggression,agressão
behalf,lado
well-known,bem conhecido
donation,doação
desperately,desesperadamente
high-tech,alta tecnologia
cheat,burlar
audio,Áudio
sensation,sensação
entrepreneur,empreendedor
proclaim,proclamar
supplier,fornecedor
rival,rival
reminder,lembrete
heal,curar
beast,fera
uncover,descobrir
merit,mérito
momentum,momento
stimulate,estimular
rational,racional
columnist,colunista
pioneer,pioneiro
biology,biologia
photography,fotografia
innovative,Inovativa
purse,bolsa
franchise,franquia
consent,consentimento
outfit,equipamento
eve,véspera
spray,Spray
shove,empurrão
fisherman,pescador
sensitivity,sensibilidade
courtesy,cortesia
stack,pilha
pork,carne de porco
teammate,companheiro de equipe
instant,instante
pulse,pulso
outsider,fora
helmet,capacete
ladder,escada
openly,abertamente
fierce,feroz
required,requeridos
shrink,Psiquiatra
cute,bonitinho
dot,ponto
weaken,enfraquecer
filter,filtro
worldwide,no mundo todo
envision,imagine
videotape,video cassete
partial,parcial
patent,patente
tray,bandeja
jungle,selva
classify,classificar
specialty,especialidade
nasty,desagradável
aisle,corredor
graph,gráfico
sexy,sexy
disturb,perturbar
excessive,excessivo
banker,banqueiro
installation,instalação
swimming,natação
placement,colocação
attendance,comparecimento
informal,informal
sack,saco
eighth,oitavo
premise,premissa
grill,grade
dying,moribundo
colorful,colorido
hockey,hóquei
backyard,quintal
collar,colarinho
breathing,respirando
logical,lógico
lightning,relâmpago
dried,seco
discount,desconto
sole,único
boast,se vanglorie
tag,marcação
sibling,irmão
stove,fogão
trainer,treinador
vertical,vertical
added,adicionado
marketplace,Mercado
cure,cura
curiosity,curiosidade
organizational,organizacional
shrimp,camarão
inherit,herdar
distract,distrair
isolated,isolado
planner,planejador
supposedly,supostamente
likewise,Da mesma forma
monkey,macaco
toll,pedágio
embarrassed,envergonhado
deliberately,deliberadamente
bicycle,bicicleta
stance,posição
orbit,órbita
hormone,hormônio
depressed,depressivo
organism,organismo
deploy,implantar
strictly,estritamente
deem,Deem
eyebrow,sobrancelha
legally,legalmente
puzzle,quebra-cabeça
icon,ícone
pat,Pat
closest,mais próximo
sneak,esgueirar-se
fleet,frota
conservation,conservação
supportive,apoio
comparable,comparável
texture,textura
striking,impressionante
Christianity,cristandade
dip,mergulhar
disappointment,desapontamento
sleeve,manga
socially,socialmente
wheat,trigo
chunk,pedaço
two-thirds,dois terços
refuge,refúgio
blank,em branco
unfold,desdobrar
considerably,consideravelmente
frontier,fronteira
suspicious,suspeito
conception,concepção
feather,pena
elephant,elefante
textbook,livro didático
glimpse,vislumbre
inevitably,inevitavelmente
triumph,triunfo
plunge,mergulho
sphere,esfera
hunger,fome
density,densidade
cheer,alegrar
balanced,equilibrado
protocol,protocolo
legislator,legislador
auction,leilão
equality,igualdade
risky,arriscado
cemetery,cemitério
builder,construtor
awake,acordado
retailer,varejista
debut,estréia
tighten,apertar
spare,poupar
constraint,restrição
compliance,observância
emerging,emergente
elaborate,elaborar
atop,no topo
chew,mastigar
similarity,semelhança
pencil,lápis
calculation,Cálculo
tolerance,tolerância
astronomer,astrônomo
bulk,volume
interval,intervalo
notebook,caderno
genre,gênero
likelihood,probabilidade
streak,à risca
rib,costela
scent,odor
validity,validade
steer,dirigir
intact,intacto
shark,Tubarão
uh,uh
programming,programação
dumb,idiota
formerly,anteriormente
squad,esquadrão
comply,cumprir
debris,destroços
peasant,camponês
outlet,tomada
neat,organizado
valid,válido
kingdom,reino
solely,exclusivamente
eligible,elegível
regret,arrepender
municipal,municipal
deposit,depósito
transport,transporte
dough,massa
lid,tampa
voluntary,voluntário
journalism,jornalismo
impulse,impulso
policeman,policial
objection,objeção
thrive,florescer
privately,particular
cling,agarrar -se
halfway,a meio caminho
unhappy,infeliz
rally,corrida
scratch,"coçar, arranhão"
robot,robô
conversion,conversão
supermarket,supermercado
blink,piscar
philosophical,filosófico
happily,Felizmente
thread,fio
allegedly,alegadamente
ash,cinza
dynamics,dinâmica
denial,negação
riot,rebelião
soar,disparar
mentor,mentor
beard,barba
widow,viúva
offender,agressor
landmark,marco
routinely,rotineiramente
butt,bunda
forbid,proibir
migration,migração
carrot,cenoura
harmony,harmonia
brutal,brutal
prevail,prevalecer
weed,erva daninha
exhaust,escape
pasta,massa
distinctive,distintivo
fraction,fração
emotionally,emocionalmente
poke,cutucar
dancing,dançando
freshman,calouro
suitable,adequado
youngster,jovem
slavery,escravidão
balloon,balão
opt,optar
crowded,superlotado
liver,fígado
listener,ouvinte
ironically,ironicamente
affirmative,afirmativa
commodity,mercadoria
fur,pelagem
freely,livremente
removal,remoção
goat,cabra
shareholder,acionista
expedition,expedição
loyal,leal
conscience,consciência
fragile,frágil
calendar,calendário
mineral,mineral
coming,chegando
fare,tarifa
blessing,bênção
liberation,libertação
steak,bife
ecological,ecológico
banana,banana
steadily,constantemente
blast,explosão
nonprofit,organização sem fins lucrativos
mobile,Móvel
straw,Palha
projection,projeção
rubber,borracha
overnight,durante a noite
neighboring,vizinho
enact,encenar
favorable,favorável
severely,severamente
demographic,demográfico
terrain,terreno
explicit,explícito
integrated,integrado
terribly,terrivelmente
sofa,sofá
screw,parafuso
shield,escudo
invention,invenção
perceived,percebido
cruel,cruel
bomber,bombardeiro
provoke,provocar
autonomy,autonomia
publishing,publicação
retreat,retiro
theology,teologia
substantially,substancialmente
mansion,mansão
developmental,desenvolvimento
one-third,um terço
transmit,transmite
contemplate,contemplar
authorize,autorizar
mathematics,matemática
old-fashioned,antiquado
lawmaker,legislador
threshold,limite
radar,radar
seldom,raramente
headache,dor de cabeça
rental,aluguel
spy,espião
patron,patrono
driveway,Mediante de entrada
till,até
overwhelm,Sobrecarga
coordinate,coordenada
vendor,fornecedor
fragment,fragmento
hammer,martelo
seminar,seminário
availability,disponibilidade
peanut,amendoim
fantastic,fantástico
depart,partir
cottage,cabana
specify,especificamos
frustrate,frustrar
disturbing,perturbador
artifact,artefato
basin,bacia
regain,recuperar
grape,uva
ego,ego
sometime,às vezes
organized,organizado
charm,charme
sweater,suéter
rim,aro
speculate,especular
delight,prazer
fatigue,fadiga
devastating,devastador
instructional,instrução
plea,declarar
tourism,turismo
warmth,cordialidade
jurisdiction,jurisdição
update,atualizar
accusation,acusação
diagram,diagrama
middle-class,classe média
graduation,graduação
spark,fagulha
convenience,conveniência
chill,frio
economically,economicamente
undergraduate,estudante universitário
dictate,ditar
regulator,regulador
defender,defensor
workout,treino
accurately,com precisão
tile,telha
foreigner,estrangeiro
importantly,importante
citizenship,cidadania
plaza,praça
devise,inventar
premium,Prêmio
chemistry,química
bureaucracy,burocracia
inherent,inerente
hazard,perigo
swell,inchar
bride,noiva
processor,processador
bucket,balde
timber,madeira
feminist,feminista
tumor,tumor
apology,desculpa
screening,triagem
arrow,flecha
marker,marcador
sunny,ensolarado
technician,técnico
homework,trabalho de casa
fog,névoa
soak,absorver
mortality,mortalidade
flying,vôo
accountability,responsabilidade
skilled,especializado
straighten,endireitar
sprinkle,Polvilhe
cue,deixa
epidemic,epidemia
articulate,articular
rehabilitation,reabilitação
diplomat,diplomata
ribbon,fita
transit,transito
militia,milícia
kneel,ajoelhar
seller,vendedor
fatal,fatal
compelling,atraente
well-being,bem-estar
laundry,lavanderia
confession,confissão
twentieth,vigésimo
dense,denso
accelerate,acelerar
tribute,tributo
smoking,fumar
aboard,a bordo
marble,mármore
entertain,entreter
boring,tedioso
scrutiny,escrutínio
bizarre,bizarro
bargain,barganha
drown,afogar
biography,biografia
naval,naval
nationwide,em todo o país
skeptical,cético
shorts,calção
lens,lente
spit,cuspir
sexuality,sexualidade
warehouse,armazém
paradise,paraíso
nominate,nomear
developed,desenvolvido
unfortunate,infeliz
grandchild,neto
tenure,posse
preach,pregar
slot,slot
stereotype,estereótipo
bulb,lâmpada
weave,tecer
merger,fusão
inadequate,inadequado
electronics,eletrônicos
trim,aparar